{"lr": 0.005, "data_time": 0.0004004955291748047, "loss": 0.40150176286697387, "time": 0.1984407663345337, "epoch": 1, "iter": 72, "memory": 2946, "step": 72}
{"accuracy/top1": 92.83216857910156, "data_time": 0.5057422320048014, "time": 0.5889011886384752, "step": 1}
{"lr": 0.005, "data_time": 0.0, "loss": 0.4146943137049675, "time": 0.1982860565185547, "epoch": 2, "iter": 144, "memory": 2946, "step": 144}
{"accuracy/top1": 92.65734100341797, "data_time": 0.003739620509900545, "time": 0.07228516277514006, "step": 2}
{"lr": 0.005, "data_time": 0.0, "loss": 0.3642212152481079, "time": 0.19781124591827393, "epoch": 3, "iter": 216, "memory": 2946, "step": 216}
{"accuracy/top1": 91.25874328613281, "data_time": 0.00384412313762464, "time": 0.07444241172388981, "step": 3}
{"lr": 0.005, "data_time": 0.0, "loss": 0.2758701730519533, "time": 0.19714908599853515, "epoch": 4, "iter": 288, "memory": 2946, "step": 288}
{"accuracy/top1": 94.5804214477539, "data_time": 0.003258065173500463, "time": 0.07402259425113075, "step": 4}
{"lr": 0.005, "data_time": 0.00020053386688232422, "loss": 0.18964107111096382, "time": 0.19998414516448976, "epoch": 5, "iter": 360, "memory": 2946, "step": 360}
{"accuracy/top1": 94.7552490234375, "data_time": 0.00300128836380808, "time": 0.07405865819830644, "step": 5}
{"lr": 0.005, "data_time": 0.0, "loss": 0.1976590633392334, "time": 0.1980027437210083, "epoch": 6, "iter": 432, "memory": 2946, "step": 432}
{"accuracy/top1": 95.6293716430664, "data_time": 0.0038246606525621915, "time": 0.0762531882838199, "step": 6}
{"lr": 0.005, "data_time": 0.003258156776428223, "loss": 0.16050839014351367, "time": 0.19947338104248047, "epoch": 7, "iter": 504, "memory": 2946, "step": 504}
{"accuracy/top1": 94.93006896972656, "data_time": 0.003316314596878855, "time": 0.07565786964014957, "step": 7}
{"lr": 0.005, "data_time": 0.0, "loss": 0.326934590190649, "time": 0.20056552886962892, "epoch": 8, "iter": 576, "memory": 2946, "step": 576}
{"accuracy/top1": 94.05594635009766, "data_time": 0.002965914575677169, "time": 0.07425618171691895, "step": 8}
{"lr": 0.005, "data_time": 0.0016297578811645507, "loss": 0.14145419262349607, "time": 0.20221643447875975, "epoch": 9, "iter": 648, "memory": 2946, "step": 648}
{"accuracy/top1": 95.10489654541016, "data_time": 0.0038051354257684004, "time": 0.07604545041134483, "step": 9}
{"lr": 0.005, "data_time": 0.0, "loss": 0.32405297830700874, "time": 0.2011624574661255, "epoch": 10, "iter": 720, "memory": 2946, "step": 720}
{"accuracy/top1": 94.93006896972656, "data_time": 0.003985844160381116, "time": 0.07555545003790605, "step": 10}
{"lr": 0.005, "data_time": 0.0002004861831665039, "loss": 0.20824724212288856, "time": 0.200645112991333, "epoch": 11, "iter": 792, "memory": 2946, "step": 792}
{"accuracy/top1": 93.18181610107422, "data_time": 0.0043018868094996405, "time": 0.07694969679179944, "step": 11}
{"lr": 0.005, "data_time": 0.0012111425399780273, "loss": 0.5367365717887879, "time": 0.20153193473815917, "epoch": 12, "iter": 864, "memory": 2946, "step": 864}
{"accuracy/top1": 94.40559387207031, "data_time": 0.004093094875938014, "time": 0.07613095484281841, "step": 12}
{"lr": 0.005, "data_time": 0.0010274171829223633, "loss": 0.31586587205529215, "time": 0.19956910610198975, "epoch": 13, "iter": 936, "memory": 2946, "step": 936}
{"accuracy/top1": 93.35664367675781, "data_time": 0.004420631810238487, "time": 0.07655387175710578, "step": 13}
{"lr": 0.005, "data_time": 0.0008710384368896485, "loss": 0.4081552878022194, "time": 0.22375669479370117, "epoch": 14, "iter": 1008, "memory": 2946, "step": 1008}
{"accuracy/top1": 93.88111877441406, "data_time": 0.003706066231978567, "time": 0.07635475459851716, "step": 14}
{"lr": 0.005, "data_time": 0.00017936229705810546, "loss": 0.14224396608769893, "time": 0.21283857822418212, "epoch": 15, "iter": 1080, "memory": 2946, "step": 1080}
{"accuracy/top1": 94.05594635009766, "data_time": 0.004465253729569285, "time": 0.07966604985688862, "step": 15}
{"lr": 0.005, "data_time": 0.0001207590103149414, "loss": 0.1758325262926519, "time": 0.21609976291656494, "epoch": 16, "iter": 1152, "memory": 2946, "step": 1152}
{"accuracy/top1": 93.35664367675781, "data_time": 0.004427960044459293, "time": 0.08123187014931127, "step": 16}
{"lr": 0.005, "data_time": 0.00020058155059814452, "loss": 0.24418615326285362, "time": 0.23805780410766603, "epoch": 17, "iter": 1224, "memory": 2946, "step": 1224}
{"accuracy/top1": 94.5804214477539, "data_time": 0.003849782441791735, "time": 0.07961790185225637, "step": 17}
{"lr": 0.005, "data_time": 0.00015113353729248046, "loss": 0.2961072981357574, "time": 0.2130739450454712, "epoch": 18, "iter": 1296, "memory": 2946, "step": 1296}
{"accuracy/top1": 92.4825210571289, "data_time": 0.005028963088989258, "time": 0.07785611403615851, "step": 18}
{"lr": 0.005, "data_time": 0.0005470037460327149, "loss": 0.3385239761322737, "time": 0.23062877655029296, "epoch": 19, "iter": 1368, "memory": 2946, "step": 1368}
{"accuracy/top1": 95.97901916503906, "data_time": 0.003992544977288497, "time": 0.07444316462466591, "step": 19}
{"lr": 0.005, "data_time": 0.0010427236557006836, "loss": 0.07647786904126405, "time": 0.20606915950775145, "epoch": 20, "iter": 1440, "memory": 2946, "step": 1440}
{"accuracy/top1": 95.6293716430664, "data_time": 0.0036462608136628803, "time": 0.07679399691129986, "step": 20}
